"Model.Technique","SplitRatio","Threshold","Training.AUC","Test.AUC","TrainingSet.Accuracy","TestSet.Accuracy","Next.Variable","Prediction.Formula"
"glm",0.6,0.5,0.684994945547469,0.652612859318794,0.632004794725802,0.606918238993711,NA,""
"glm",0.8,0.5,0.676435313214812,0.661595424052888,0.628089887640449,0.613656783468104,NA,""
"glm",0.999,0.5,0.673633769916459,1,0.626777037970128,1,NA,""
"glm",0.6,0.5,0.686030531489023,0.653480976763784,0.633503146538807,0.610512129380054,"Gender","Party ~ YOB + Income + EducationLevel + Q109244 + HouseholdStatus + Q115611 + Q113181 + Q98197 + Q101163 + Gender"
"glm",0.8,0.5,0.677215823725453,0.663199598146288,0.631011235955056,0.611859838274933,"Gender","Party ~ YOB + Income + EducationLevel + Q109244 + HouseholdStatus + Q115611 + Q113181 + Q98197 + Q101163 + Gender"
"glm",0.999,0.5,0.674592492517559,1,0.628576570091776,1,"Gender","Party ~ YOB + Income + EducationLevel + Q109244 + HouseholdStatus + Q115611 + Q113181 + Q98197 + Q101163 + Gender"
"glm",0.6,0.5,0.686435933191817,0.653795735165442,0.633802816901408,0.610961365678347,"Q110740","Party ~ YOB + Income + EducationLevel + Q109244 + HouseholdStatus + Q115611 + Q113181 + Q98197 + Q101163 + Q110740"
"glm",0.8,0.5,0.67776532339794,0.662394270343845,0.628314606741573,0.610961365678347,"Q110740","Party ~ YOB + Income + EducationLevel + Q109244 + HouseholdStatus + Q115611 + Q113181 + Q98197 + Q101163 + Q110740"
"glm",0.999,0.5,0.674830206840716,1,0.627676804030952,1,"Q110740","Party ~ YOB + Income + EducationLevel + Q109244 + HouseholdStatus + Q115611 + Q113181 + Q98197 + Q101163 + Q110740"
"glm",0.6,0.5,0.68484046388482,0.653540525650583,0.62900809109979,0.606019766397125,"Q103293","Party ~ YOB + Income + EducationLevel + Q109244 + HouseholdStatus + Q115611 + Q113181 + Q98197 + Q101163 + Q103293"
"glm",0.8,0.5,0.676527960826077,0.663264413261172,0.629662921348315,0.611859838274933,"Q103293","Party ~ YOB + Income + EducationLevel + Q109244 + HouseholdStatus + Q115611 + Q113181 + Q98197 + Q101163 + Q103293"
"glm",0.999,0.5,0.674109913590814,1,0.628396616879611,1,"Q103293","Party ~ YOB + Income + EducationLevel + Q109244 + HouseholdStatus + Q115611 + Q113181 + Q98197 + Q101163 + Q103293"
"glm",0.6,0.5,0.685872444653387,0.653826927439479,0.635001498351813,0.611859838274933,"Q104996","Party ~ YOB + Income + EducationLevel + Q109244 + HouseholdStatus + Q115611 + Q113181 + Q98197 + Q101163 + Q104996"
"glm",0.8,0.5,0.677799990228416,0.661535470071621,0.631910112359551,0.607367475292004,"Q104996","Party ~ YOB + Income + EducationLevel + Q109244 + HouseholdStatus + Q115611 + Q113181 + Q98197 + Q101163 + Q104996"
"glm",0.999,0.5,0.674388319509893,1,0.626057225121468,1,"Q104996","Party ~ YOB + Income + EducationLevel + Q109244 + HouseholdStatus + Q115611 + Q113181 + Q98197 + Q101163 + Q104996"
"glm",0.6,0.5,0.685136809104649,0.652566273454971,0.632004794725802,0.609164420485175,"Q114748","Party ~ YOB + Income + EducationLevel + Q109244 + HouseholdStatus + Q115611 + Q113181 + Q98197 + Q101163 + Q114748"
"glm",0.8,0.5,0.676440685559886,0.661660239167774,0.629213483146067,0.611859838274933,"Q114748","Party ~ YOB + Income + EducationLevel + Q109244 + HouseholdStatus + Q115611 + Q113181 + Q98197 + Q101163 + Q114748"
"glm",0.999,0.5,0.673610889019069,1,0.625337412272809,1,"Q114748","Party ~ YOB + Income + EducationLevel + Q109244 + HouseholdStatus + Q115611 + Q113181 + Q98197 + Q101163 + Q114748"
"glm",0.6,0.5,0.685316887495529,0.652930453381729,0.631405454000599,0.610512129380054,"Q115777","Party ~ YOB + Income + EducationLevel + Q109244 + HouseholdStatus + Q115611 + Q113181 + Q98197 + Q101163 + Q115777"
"glm",0.8,0.5,0.676440584194885,0.661725054282658,0.628314606741573,0.61455525606469,"Q115777","Party ~ YOB + Income + EducationLevel + Q109244 + HouseholdStatus + Q115611 + Q113181 + Q98197 + Q101163 + Q115777"
"glm",0.999,0.5,0.673857963709339,1,0.627136944394457,1,"Q115777","Party ~ YOB + Income + EducationLevel + Q109244 + HouseholdStatus + Q115611 + Q113181 + Q98197 + Q101163 + Q115777"
"glm",0.6,0.5,0.685497326403709,0.652183459182681,0.634701827989212,0.610062893081761,"Q120194","Party ~ YOB + Income + EducationLevel + Q109244 + HouseholdStatus + Q115611 + Q113181 + Q98197 + Q101163 + Q120194"
"glm",0.8,0.5,0.676715384713631,0.661135236737208,0.629213483146067,0.613656783468104,"Q120194","Party ~ YOB + Income + EducationLevel + Q109244 + HouseholdStatus + Q115611 + Q113181 + Q98197 + Q101163 + Q120194"
"glm",0.999,0.5,0.673716518161845,1,0.625697318697139,1,"Q120194","Party ~ YOB + Income + EducationLevel + Q109244 + HouseholdStatus + Q115611 + Q113181 + Q98197 + Q101163 + Q120194"
"glm",0.6,0.5,0.685538064858504,0.653232248760409,0.630806113275397,0.61141060197664,"Q115899","Party ~ YOB + Income + EducationLevel + Q109244 + HouseholdStatus + Q115611 + Q113181 + Q98197 + Q101163 + Q115899"
"glm",0.8,0.5,0.676740523233974,0.662642188158279,0.629213483146067,0.610961365678347,"Q115899","Party ~ YOB + Income + EducationLevel + Q109244 + HouseholdStatus + Q115611 + Q113181 + Q98197 + Q101163 + Q115899"
"glm",0.999,0.5,0.674082092499669,1,0.628756523303941,1,"Q115899","Party ~ YOB + Income + EducationLevel + Q109244 + HouseholdStatus + Q115611 + Q113181 + Q98197 + Q101163 + Q115899"
"glm",0.6,0.5,0.686897575593268,0.649856191463849,0.633203476176206,0.605570530098832,"Q102687","Party ~ YOB + Income + EducationLevel + Q109244 + HouseholdStatus + Q115611 + Q113181 + Q98197 + Q101163 + Q102687"
"glm",0.8,0.5,0.676670074558014,0.662246815957481,0.629887640449438,0.608265947888589,"Q102687","Party ~ YOB + Income + EducationLevel + Q109244 + HouseholdStatus + Q115611 + Q113181 + Q98197 + Q101163 + Q102687"
"glm",0.999,0.5,0.673901710425085,1,0.626057225121468,1,"Q102687","Party ~ YOB + Income + EducationLevel + Q109244 + HouseholdStatus + Q115611 + Q113181 + Q98197 + Q101163 + Q102687"
"glm",0.6,0.5,0.685355462846529,0.653664889652269,0.633802816901408,0.610512129380054,"Q116953","Party ~ YOB + Income + EducationLevel + Q109244 + HouseholdStatus + Q115611 + Q113181 + Q98197 + Q101163 + Q116953"
"glm",0.8,0.5,0.67688983388101,0.662322973717471,0.629213483146067,0.607367475292004,"Q116953","Party ~ YOB + Income + EducationLevel + Q109244 + HouseholdStatus + Q115611 + Q113181 + Q98197 + Q101163 + Q116953"
"glm",0.999,0.5,0.674231143345442,1,0.625337412272809,1,"Q116953","Party ~ YOB + Income + EducationLevel + Q109244 + HouseholdStatus + Q115611 + Q113181 + Q98197 + Q101163 + Q116953"
"glm",0.6,0.5,0.684989537787983,0.652723450108566,0.6317051243632,0.610062893081761,"Q105655","Party ~ YOB + Income + EducationLevel + Q109244 + HouseholdStatus + Q115611 + Q113181 + Q98197 + Q101163 + Q105655"
"glm",0.8,0.5,0.676669669098008,0.66127458923421,0.628089887640449,0.611859838274933,"Q105655","Party ~ YOB + Income + EducationLevel + Q109244 + HouseholdStatus + Q115611 + Q113181 + Q98197 + Q101163 + Q105655"
"glm",0.999,0.5,0.67368128678007,1,0.626417131545798,1,"Q105655","Party ~ YOB + Income + EducationLevel + Q109244 + HouseholdStatus + Q115611 + Q113181 + Q98197 + Q101163 + Q105655"
"glm",0.6,0.5,0.684982327442,0.652628658003046,0.631105783637998,0.607816711590296,"Q112270","Party ~ YOB + Income + EducationLevel + Q109244 + HouseholdStatus + Q115611 + Q113181 + Q98197 + Q101163 + Q112270"
"glm",0.8,0.5,0.676335975513459,0.661857925268172,0.627640449438202,0.613656783468104,"Q112270","Party ~ YOB + Income + EducationLevel + Q109244 + HouseholdStatus + Q115611 + Q113181 + Q98197 + Q101163 + Q112270"
"glm",0.999,0.5,0.673550631655775,1,0.626597084757963,1,"Q112270","Party ~ YOB + Income + EducationLevel + Q109244 + HouseholdStatus + Q115611 + Q113181 + Q98197 + Q101163 + Q112270"
"glm",0.6,0.5,0.685044336417439,0.653135026088084,0.636499850164819,0.608265947888589,"Q118232","Party ~ YOB + Income + EducationLevel + Q109244 + HouseholdStatus + Q115611 + Q113181 + Q98197 + Q101163 + Q118232"
"glm",0.8,0.5,0.676774683239442,0.661331302459734,0.630337078651685,0.610062893081761,"Q118232","Party ~ YOB + Income + EducationLevel + Q109244 + HouseholdStatus + Q115611 + Q113181 + Q98197 + Q101163 + Q118232"
"glm",0.999,0.5,0.673879219542993,1,0.625517365484974,1,"Q118232","Party ~ YOB + Income + EducationLevel + Q109244 + HouseholdStatus + Q115611 + Q113181 + Q98197 + Q101163 + Q118232"
"glm",0.6,0.5,0.685941844233453,0.650760362316492,0.636499850164819,0.60062893081761,"Q122770","Party ~ YOB + Income + EducationLevel + Q109244 + HouseholdStatus + Q115611 + Q113181 + Q98197 + Q101163 + Q122770"
"glm",0.8,0.5,0.676535056376174,0.662055611368571,0.627415730337079,0.610961365678347,"Q122770","Party ~ YOB + Income + EducationLevel + Q109244 + HouseholdStatus + Q115611 + Q113181 + Q98197 + Q101163 + Q122770"
"glm",0.999,0.5,0.673827997534064,1,0.628936476516106,1,"Q122770","Party ~ YOB + Income + EducationLevel + Q109244 + HouseholdStatus + Q115611 + Q113181 + Q98197 + Q101163 + Q122770"
"glm",0.6,0.5,0.686033235368767,0.654732313575527,0.632903805813605,0.616352201257862,"Q120379","Party ~ YOB + Income + EducationLevel + Q109244 + HouseholdStatus + Q115611 + Q113181 + Q98197 + Q101163 + Q120379"
"glm",0.8,0.5,0.67711212732904,0.66657322487604,0.633033707865169,0.613656783468104,"Q120379","Party ~ YOB + Income + EducationLevel + Q109244 + HouseholdStatus + Q115611 + Q113181 + Q98197 + Q101163 + Q120379"
"glm",0.999,0.5,0.675116933086119,1,0.626417131545798,1,"Q120379","Party ~ YOB + Income + EducationLevel + Q109244 + HouseholdStatus + Q115611 + Q113181 + Q98197 + Q101163 + Q120379"
"glm",0.6,0.5,0.684996928392613,0.652607998185177,0.6317051243632,0.606918238993711,"Q119334","Party ~ YOB + Income + EducationLevel + Q109244 + HouseholdStatus + Q115611 + Q113181 + Q98197 + Q101163 + Q119334"
"glm",0.8,0.5,0.676457410785112,0.66182551771073,0.628314606741573,0.610062893081761,"Q119334","Party ~ YOB + Income + EducationLevel + Q109244 + HouseholdStatus + Q115611 + Q113181 + Q98197 + Q101163 + Q119334"
"glm",0.999,0.5,0.673653010671081,1,0.626237178333633,1,"Q119334","Party ~ YOB + Income + EducationLevel + Q109244 + HouseholdStatus + Q115611 + Q113181 + Q98197 + Q101163 + Q119334"
"glm",0.6,0.5,0.684922842087656,0.652600706484753,0.632304465088403,0.607367475292004,"Q120978","Party ~ YOB + Income + EducationLevel + Q109244 + HouseholdStatus + Q115611 + Q113181 + Q98197 + Q101163 + Q120978"
"glm",0.8,0.5,0.67641291154951,0.660244028907542,0.627640449438202,0.611859838274933,"Q120978","Party ~ YOB + Income + EducationLevel + Q109244 + HouseholdStatus + Q115611 + Q113181 + Q98197 + Q101163 + Q120978"
"glm",0.999,0.5,0.673687462022262,1,0.627496850818787,1,"Q120978","Party ~ YOB + Income + EducationLevel + Q109244 + HouseholdStatus + Q115611 + Q113181 + Q98197 + Q101163 + Q120978"
"glm",0.6,0.5,0.685813319816339,0.653422643160386,0.633503146538807,0.609613656783468,"Q115390","Party ~ YOB + Income + EducationLevel + Q109244 + HouseholdStatus + Q115611 + Q113181 + Q98197 + Q101163 + Q115390"
"glm",0.8,0.5,0.677469236228903,0.661556534983958,0.62876404494382,0.61455525606469,"Q115390","Party ~ YOB + Income + EducationLevel + Q109244 + HouseholdStatus + Q115611 + Q113181 + Q98197 + Q101163 + Q115390"
"glm",0.999,0.5,0.674185056537919,1,0.628396616879611,1,"Q115390","Party ~ YOB + Income + EducationLevel + Q109244 + HouseholdStatus + Q115611 + Q113181 + Q98197 + Q101163 + Q115390"
"glm",0.6,0.5,0.684940687693958,0.652415983407331,0.631405454000599,0.607816711590296,"Q114961","Party ~ YOB + Income + EducationLevel + Q109244 + HouseholdStatus + Q115611 + Q113181 + Q98197 + Q101163 + Q114961"
"glm",0.8,0.5,0.676408856949453,0.661697507858833,0.62876404494382,0.610062893081761,"Q114961","Party ~ YOB + Income + EducationLevel + Q109244 + HouseholdStatus + Q115611 + Q113181 + Q98197 + Q101163 + Q114961"
"glm",0.999,0.5,0.673672121420605,1,0.625517365484974,1,"Q114961","Party ~ YOB + Income + EducationLevel + Q109244 + HouseholdStatus + Q115611 + Q113181 + Q98197 + Q101163 + Q114961"
"glm",0.6,0.5,0.686045853474235,0.651532472372558,0.631405454000599,0.608265947888589,"Q115195","Party ~ YOB + Income + EducationLevel + Q109244 + HouseholdStatus + Q115611 + Q113181 + Q98197 + Q101163 + Q115195"
"glm",0.8,0.5,0.677073608628514,0.660582687882815,0.632359550561798,0.610961365678347,"Q115195","Party ~ YOB + Income + EducationLevel + Q109244 + HouseholdStatus + Q115611 + Q113181 + Q98197 + Q101163 + Q115195"
"glm",0.999,0.5,0.673857508691491,1,0.627136944394457,1,"Q115195","Party ~ YOB + Income + EducationLevel + Q109244 + HouseholdStatus + Q115611 + Q113181 + Q98197 + Q101163 + Q115195"
"glm",0.6,0.5,0.685128697465422,0.652927617720454,0.634402157626611,0.61141060197664,"Q120012","Party ~ YOB + Income + EducationLevel + Q109244 + HouseholdStatus + Q115611 + Q113181 + Q98197 + Q101163 + Q120012"
"glm",0.8,0.5,0.67642548080968,0.661994037009431,0.628539325842697,0.610062893081761,"Q120012","Party ~ YOB + Income + EducationLevel + Q109244 + HouseholdStatus + Q115611 + Q113181 + Q98197 + Q101163 + Q120012"
"glm",0.999,0.5,0.673830597636039,1,0.625517365484974,1,"Q120012","Party ~ YOB + Income + EducationLevel + Q109244 + HouseholdStatus + Q115611 + Q113181 + Q98197 + Q101163 + Q120012"
"glm",0.6,0.5,0.685068851593774,0.6523074180899,0.632004794725802,0.608265947888589,"Q98078","Party ~ YOB + Income + EducationLevel + Q109244 + HouseholdStatus + Q115611 + Q113181 + Q98197 + Q101163 + Q98078"
"glm",0.8,0.5,0.676420716654612,0.662026444566873,0.629887640449438,0.610961365678347,"Q98078","Party ~ YOB + Income + EducationLevel + Q109244 + HouseholdStatus + Q115611 + Q113181 + Q98197 + Q101163 + Q98078"
"glm",0.999,0.5,0.673737904000597,1,0.626057225121468,1,"Q98078","Party ~ YOB + Income + EducationLevel + Q109244 + HouseholdStatus + Q115611 + Q113181 + Q98197 + Q101163 + Q98078"
"glm",0.6,0.5,0.685049924435574,0.65365800304631,0.630806113275397,0.612309074573225,"Q119851","Party ~ YOB + Income + EducationLevel + Q109244 + HouseholdStatus + Q115611 + Q113181 + Q98197 + Q101163 + Q119851"
"glm",0.8,0.5,0.676656288917826,0.663191496256927,0.630112359550562,0.609164420485175,"Q119851","Party ~ YOB + Income + EducationLevel + Q109244 + HouseholdStatus + Q115611 + Q113181 + Q98197 + Q101163 + Q119851"
"glm",0.999,0.5,0.674083717563405,1,0.627136944394457,1,"Q119851","Party ~ YOB + Income + EducationLevel + Q109244 + HouseholdStatus + Q115611 + Q113181 + Q98197 + Q101163 + Q119851"
"glm",0.6,0.5,0.684969889595181,0.653123278348511,0.632004794725802,0.610961365678347,"Q112478","Party ~ YOB + Income + EducationLevel + Q109244 + HouseholdStatus + Q115611 + Q113181 + Q98197 + Q101163 + Q112478"
"glm",0.8,0.5,0.676720554328701,0.661746119194996,0.630112359550562,0.616352201257862,"Q112478","Party ~ YOB + Income + EducationLevel + Q109244 + HouseholdStatus + Q115611 + Q113181 + Q98197 + Q101163 + Q112478"
"glm",0.999,0.5,0.673775475474149,1,0.624077739787655,1,"Q112478","Party ~ YOB + Income + EducationLevel + Q109244 + HouseholdStatus + Q115611 + Q113181 + Q98197 + Q101163 + Q112478"
"glm",0.6,0.5,0.6849444731256,0.652391677739249,0.632004794725802,0.612309074573225,"Q113584","Party ~ YOB + Income + EducationLevel + Q109244 + HouseholdStatus + Q115611 + Q113181 + Q98197 + Q101163 + Q113584"
"glm",0.8,0.5,0.676392131724225,0.660947272904042,0.628089887640449,0.611859838274933,"Q113584","Party ~ YOB + Income + EducationLevel + Q109244 + HouseholdStatus + Q115611 + Q113181 + Q98197 + Q101163 + Q113584"
"glm",0.999,0.5,0.673596393450552,1,0.626956991182293,1,"Q113584","Party ~ YOB + Income + EducationLevel + Q109244 + HouseholdStatus + Q115611 + Q113181 + Q98197 + Q101163 + Q113584"
"glm",0.6,0.5,0.685070293662972,0.65258288232816,0.630506442912796,0.609164420485175,"Q99982","Party ~ YOB + Income + EducationLevel + Q109244 + HouseholdStatus + Q115611 + Q113181 + Q98197 + Q101163 + Q99982"
"glm",0.8,0.5,0.676441597844897,0.661308617169523,0.628089887640449,0.610062893081761,"Q99982","Party ~ YOB + Income + EducationLevel + Q109244 + HouseholdStatus + Q115611 + Q113181 + Q98197 + Q101163 + Q99982"
"glm",0.999,0.5,0.673625319585036,1,0.625697318697139,1,"Q99982","Party ~ YOB + Income + EducationLevel + Q109244 + HouseholdStatus + Q115611 + Q113181 + Q98197 + Q101163 + Q99982"
"glm",0.6,0.5,0.684949520367786,0.65258895874518,0.632604135451004,0.606469002695418,"Q116448","Party ~ YOB + Income + EducationLevel + Q109244 + HouseholdStatus + Q115611 + Q113181 + Q98197 + Q101163 + Q116448"
"glm",0.8,0.5,0.676454471200074,0.661613248209482,0.628089887640449,0.613656783468104,"Q116448","Party ~ YOB + Income + EducationLevel + Q109244 + HouseholdStatus + Q115611 + Q113181 + Q98197 + Q101163 + Q116448"
"glm",0.999,0.5,0.673596003435258,1,0.627136944394457,1,"Q116448","Party ~ YOB + Income + EducationLevel + Q109244 + HouseholdStatus + Q115611 + Q113181 + Q98197 + Q101163 + Q116448"
"glm",0.6,0.5,0.685328964825051,0.653907541238617,0.635001498351813,0.611859838274933,"Q105840","Party ~ YOB + Income + EducationLevel + Q109244 + HouseholdStatus + Q115611 + Q113181 + Q98197 + Q101163 + Q105840"
"glm",0.8,0.5,0.676783197899554,0.663533395987945,0.632808988764045,0.621743036837376,"Q105840","Party ~ YOB + Income + EducationLevel + Q109244 + HouseholdStatus + Q115611 + Q113181 + Q98197 + Q101163 + Q105840"
"glm",0.999,0.5,0.674156715426383,1,0.629296382940435,1,"Q105840","Party ~ YOB + Income + EducationLevel + Q109244 + HouseholdStatus + Q115611 + Q113181 + Q98197 + Q101163 + Q105840"
"glm",0.6,0.5,0.685013872705669,0.652628252908579,0.632903805813605,0.608715184186882,"Q117193","Party ~ YOB + Income + EducationLevel + Q109244 + HouseholdStatus + Q115611 + Q113181 + Q98197 + Q101163 + Q117193"
"glm",0.8,0.5,0.676467243190247,0.660728521891306,0.62876404494382,0.607367475292004,"Q117193","Party ~ YOB + Income + EducationLevel + Q109244 + HouseholdStatus + Q115611 + Q113181 + Q98197 + Q101163 + Q117193"
"glm",0.999,0.5,0.673631949845076,1,0.626237178333633,1,"Q117193","Party ~ YOB + Income + EducationLevel + Q109244 + HouseholdStatus + Q115611 + Q113181 + Q98197 + Q101163 + Q117193"
"glm",0.6,0.5,0.686837188945674,0.652413957934993,0.630506442912796,0.608715184186882,"Q120472","Party ~ YOB + Income + EducationLevel + Q109244 + HouseholdStatus + Q115611 + Q113181 + Q98197 + Q101163 + Q120472"
"glm",0.8,0.5,0.678089285942357,0.659892406909293,0.627191011235955,0.61455525606469,"Q120472","Party ~ YOB + Income + EducationLevel + Q109244 + HouseholdStatus + Q115611 + Q113181 + Q98197 + Q101163 + Q120472"
"glm",0.999,0.5,0.674700266744465,1,0.627136944394457,1,"Q120472","Party ~ YOB + Income + EducationLevel + Q109244 + HouseholdStatus + Q115611 + Q113181 + Q98197 + Q101163 + Q120472"
"glm",0.6,0.5,0.685103461254487,0.651714764883172,0.63679952052742,0.608715184186882,"Q121011","Party ~ YOB + Income + EducationLevel + Q109244 + HouseholdStatus + Q115611 + Q113181 + Q98197 + Q101163 + Q121011"
"glm",0.8,0.5,0.676478494705402,0.660944032148297,0.630786516853933,0.610062893081761,"Q121011","Party ~ YOB + Income + EducationLevel + Q109244 + HouseholdStatus + Q115611 + Q113181 + Q98197 + Q101163 + Q121011"
"glm",0.999,0.5,0.673592883312884,1,0.625517365484974,1,"Q121011","Party ~ YOB + Income + EducationLevel + Q109244 + HouseholdStatus + Q115611 + Q113181 + Q98197 + Q101163 + Q121011"
"glm",0.6,0.5,0.685091924700915,0.652747755776647,0.635301168714414,0.610961365678347,"Q124122","Party ~ YOB + Income + EducationLevel + Q109244 + HouseholdStatus + Q115611 + Q113181 + Q98197 + Q101163 + Q124122"
"glm",0.8,0.5,0.676717513378663,0.661344265482711,0.629887640449438,0.615453728661276,"Q124122","Party ~ YOB + Income + EducationLevel + Q109244 + HouseholdStatus + Q115611 + Q113181 + Q98197 + Q101163 + Q124122"
"glm",0.999,0.5,0.673757599773066,1,0.625697318697139,1,"Q124122","Party ~ YOB + Income + EducationLevel + Q109244 + HouseholdStatus + Q115611 + Q113181 + Q98197 + Q101163 + Q124122"
"glm",0.6,0.5,0.68510219944394,0.652155102569921,0.6317051243632,0.606469002695418,"Q106042","Party ~ YOB + Income + EducationLevel + Q109244 + HouseholdStatus + Q115611 + Q113181 + Q98197 + Q101163 + Q106042"
"glm",0.8,0.5,0.676385948459139,0.661329682081862,0.626741573033708,0.611859838274933,"Q106042","Party ~ YOB + Income + EducationLevel + Q109244 + HouseholdStatus + Q115611 + Q113181 + Q98197 + Q101163 + Q106042"
"glm",0.999,0.5,0.673643065281022,1,0.626956991182293,1,"Q106042","Party ~ YOB + Income + EducationLevel + Q109244 + HouseholdStatus + Q115611 + Q113181 + Q98197 + Q101163 + Q106042"
"glm",0.6,0.5,0.684981966924702,0.652845383543442,0.6317051243632,0.608715184186882,"Q118237","Party ~ YOB + Income + EducationLevel + Q109244 + HouseholdStatus + Q115611 + Q113181 + Q98197 + Q101163 + Q118237"
"glm",0.8,0.5,0.676524818511034,0.661647276144796,0.629887640449438,0.609164420485175,"Q118237","Party ~ YOB + Income + EducationLevel + Q109244 + HouseholdStatus + Q115611 + Q113181 + Q98197 + Q101163 + Q118237"
"glm",0.999,0.5,0.673752009553816,1,0.627496850818787,1,"Q118237","Party ~ YOB + Income + EducationLevel + Q109244 + HouseholdStatus + Q115611 + Q113181 + Q98197 + Q101163 + Q118237"
"glm",0.6,0.5,0.685712374972602,0.652011294033769,0.639196883428229,0.604222821203953,"Q96024","Party ~ YOB + Income + EducationLevel + Q109244 + HouseholdStatus + Q115611 + Q113181 + Q98197 + Q101163 + Q96024"
"glm",0.8,0.5,0.676876656430826,0.661055838221474,0.632808988764045,0.610961365678347,"Q96024","Party ~ YOB + Income + EducationLevel + Q109244 + HouseholdStatus + Q115611 + Q113181 + Q98197 + Q101163 + Q96024"
"glm",0.999,0.5,0.673984523673021,1,0.625517365484974,1,"Q96024","Party ~ YOB + Income + EducationLevel + Q109244 + HouseholdStatus + Q115611 + Q113181 + Q98197 + Q101163 + Q96024"
"glm",0.6,0.5,0.685121847636736,0.651167077162396,0.632004794725802,0.607367475292004,"Q108855","Party ~ YOB + Income + EducationLevel + Q109244 + HouseholdStatus + Q115611 + Q113181 + Q98197 + Q101163 + Q108855"
"glm",0.8,0.5,0.676362026318812,0.661436627021422,0.628089887640449,0.613656783468104,"Q108855","Party ~ YOB + Income + EducationLevel + Q109244 + HouseholdStatus + Q115611 + Q113181 + Q98197 + Q101163 + Q108855"
"glm",0.999,0.5,0.673637995082169,1,0.624077739787655,1,"Q108855","Party ~ YOB + Income + EducationLevel + Q109244 + HouseholdStatus + Q115611 + Q113181 + Q98197 + Q101163 + Q108855"
"glm",0.6,0.5,0.684963220025152,0.652795962018344,0.6317051243632,0.610961365678347,"Q111848","Party ~ YOB + Income + EducationLevel + Q109244 + HouseholdStatus + Q115611 + Q113181 + Q98197 + Q101163 + Q111848"
"glm",0.8,0.5,0.67641899344959,0.661391256441001,0.62876404494382,0.613656783468104,"Q111848","Party ~ YOB + Income + EducationLevel + Q109244 + HouseholdStatus + Q115611 + Q113181 + Q98197 + Q101163 + Q111848"
"glm",0.999,0.5,0.673648590497721,1,0.627676804030952,1,"Q111848","Party ~ YOB + Income + EducationLevel + Q109244 + HouseholdStatus + Q115611 + Q113181 + Q98197 + Q101163 + Q111848"
"glm",0.6,0.5,0.685221710928577,0.652836066370678,0.630806113275397,0.608715184186882,"Q114386","Party ~ YOB + Income + EducationLevel + Q109244 + HouseholdStatus + Q115611 + Q113181 + Q98197 + Q101163 + Q114386"
"glm",0.8,0.5,0.676944672346755,0.661276209612081,0.633483146067416,0.613656783468104,"Q114386","Party ~ YOB + Income + EducationLevel + Q109244 + HouseholdStatus + Q115611 + Q113181 + Q98197 + Q101163 + Q114386"
"glm",0.999,0.5,0.673897615264472,1,0.629116429728271,1,"Q114386","Party ~ YOB + Income + EducationLevel + Q109244 + HouseholdStatus + Q115611 + Q113181 + Q98197 + Q101163 + Q114386"
"glm",0.6,0.5,0.684936361486369,0.652713727841333,0.632304465088403,0.606918238993711,"Q122769","Party ~ YOB + Income + EducationLevel + Q109244 + HouseholdStatus + Q115611 + Q113181 + Q98197 + Q101163 + Q122769"
"glm",0.8,0.5,0.676473325090329,0.660952134037658,0.626516853932584,0.61455525606469,"Q122769","Party ~ YOB + Income + EducationLevel + Q109244 + HouseholdStatus + Q115611 + Q113181 + Q98197 + Q101163 + Q122769"
"glm",0.999,0.5,0.673626554633475,1,0.627136944394457,1,"Q122769","Party ~ YOB + Income + EducationLevel + Q109244 + HouseholdStatus + Q115611 + Q113181 + Q98197 + Q101163 + Q122769"
"glm",0.6,0.5,0.685206208684717,0.653312052370613,0.6317051243632,0.608715184186882,"Q106997","Party ~ YOB + Income + EducationLevel + Q109244 + HouseholdStatus + Q115611 + Q113181 + Q98197 + Q101163 + Q106997"
"glm",0.8,0.5,0.676791003004662,0.662938717308877,0.627640449438202,0.606469002695418,"Q106997","Party ~ YOB + Income + EducationLevel + Q109244 + HouseholdStatus + Q115611 + Q113181 + Q98197 + Q101163 + Q106997"
"glm",0.999,0.5,0.674126879256207,1,0.624077739787655,1,"Q106997","Party ~ YOB + Income + EducationLevel + Q109244 + HouseholdStatus + Q115611 + Q113181 + Q98197 + Q101163 + Q106997"
"glm",0.6,0.5,0.685176285748895,0.652292024500113,0.633503146538807,0.608715184186882,"Q118892","Party ~ YOB + Income + EducationLevel + Q109244 + HouseholdStatus + Q115611 + Q113181 + Q98197 + Q101163 + Q118892"
"glm",0.8,0.5,0.676956937511923,0.660436853874323,0.629662921348315,0.610961365678347,"Q118892","Party ~ YOB + Income + EducationLevel + Q109244 + HouseholdStatus + Q115611 + Q113181 + Q98197 + Q101163 + Q118892"
"glm",0.999,0.5,0.673738294015893,1,0.628216663667446,1,"Q118892","Party ~ YOB + Income + EducationLevel + Q109244 + HouseholdStatus + Q115611 + Q113181 + Q98197 + Q101163 + Q118892"
"glm",0.6,0.5,0.685033881415766,0.652610023657519,0.63410248726401,0.610062893081761,"Q98578","Party ~ YOB + Income + EducationLevel + Q109244 + HouseholdStatus + Q115611 + Q113181 + Q98197 + Q101163 + Q98578"
"glm",0.8,0.5,0.676434096834795,0.661755841462229,0.628988764044944,0.613656783468104,"Q98578","Party ~ YOB + Income + EducationLevel + Q109244 + HouseholdStatus + Q115611 + Q113181 + Q98197 + Q101163 + Q98578"
"glm",0.999,0.5,0.67369428728995,1,0.626057225121468,1,"Q98578","Party ~ YOB + Income + EducationLevel + Q109244 + HouseholdStatus + Q115611 + Q113181 + Q98197 + Q101163 + Q98578"
"glm",0.6,0.5,0.685005941325089,0.652708866707717,0.630806113275397,0.607816711590296,"Q116797","Party ~ YOB + Income + EducationLevel + Q109244 + HouseholdStatus + Q115611 + Q113181 + Q98197 + Q101163 + Q116797"
"glm",0.8,0.5,0.676380373384067,0.661799591664776,0.627640449438202,0.611859838274933,"Q116797","Party ~ YOB + Income + EducationLevel + Q109244 + HouseholdStatus + Q115611 + Q113181 + Q98197 + Q101163 + Q116797"
"glm",0.999,0.5,0.673643065281021,1,0.625517365484974,1,"Q116797","Party ~ YOB + Income + EducationLevel + Q109244 + HouseholdStatus + Q115611 + Q113181 + Q98197 + Q101163 + Q116797"
"glm",0.6,0.5,0.685360149571417,0.650895663868814,0.634701827989212,0.604672057502246,"Q107869","Party ~ YOB + Income + EducationLevel + Q109244 + HouseholdStatus + Q115611 + Q113181 + Q98197 + Q101163 + Q107869"
"glm",0.8,0.5,0.676496233580642,0.661020189908286,0.627865168539326,0.611859838274933,"Q107869","Party ~ YOB + Income + EducationLevel + Q109244 + HouseholdStatus + Q115611 + Q113181 + Q98197 + Q101163 + Q107869"
"glm",0.999,0.5,0.67362837470486,1,0.626777037970128,1,"Q107869","Party ~ YOB + Income + EducationLevel + Q109244 + HouseholdStatus + Q115611 + Q113181 + Q98197 + Q101163 + Q107869"
"glm",0.6,0.5,0.68504433641744,0.652812975986,0.633802816901408,0.606019766397125,"Q120014","Party ~ YOB + Income + EducationLevel + Q109244 + HouseholdStatus + Q115611 + Q113181 + Q98197 + Q101163 + Q120014"
"glm",0.8,0.5,0.676694807618351,0.661538710827365,0.631011235955056,0.610961365678347,"Q120014","Party ~ YOB + Income + EducationLevel + Q109244 + HouseholdStatus + Q115611 + Q113181 + Q98197 + Q101163 + Q120014"
"glm",0.999,0.5,0.673822147304619,1,0.627856757243117,1,"Q120014","Party ~ YOB + Income + EducationLevel + Q109244 + HouseholdStatus + Q115611 + Q113181 + Q98197 + Q101163 + Q120014"
"glm",0.6,0.5,0.685357625950325,0.652770441066855,0.629307761462391,0.606918238993711,"Q102906","Party ~ YOB + Income + EducationLevel + Q109244 + HouseholdStatus + Q115611 + Q113181 + Q98197 + Q101163 + Q102906"
"glm",0.8,0.5,0.676977413242203,0.660130602456493,0.626966292134831,0.607367475292004,"Q102906","Party ~ YOB + Income + EducationLevel + Q109244 + HouseholdStatus + Q115611 + Q113181 + Q98197 + Q101163 + Q102906"
"glm",0.999,0.5,0.673774955453757,1,0.625877271909304,1,"Q102906","Party ~ YOB + Income + EducationLevel + Q109244 + HouseholdStatus + Q115611 + Q113181 + Q98197 + Q101163 + Q102906"
"glm",0.6,0.5,0.684933657606626,0.652693068023464,0.631405454000599,0.608265947888589,"Q117186","Party ~ YOB + Income + EducationLevel + Q109244 + HouseholdStatus + Q115611 + Q113181 + Q98197 + Q101163 + Q117186"
"glm",0.8,0.5,0.676428420394716,0.661561396117575,0.627640449438202,0.616352201257862,"Q117186","Party ~ YOB + Income + EducationLevel + Q109244 + HouseholdStatus + Q115611 + Q113181 + Q98197 + Q101163 + Q117186"
"glm",0.999,0.5,0.673669781328826,1,0.625877271909304,1,"Q117186","Party ~ YOB + Income + EducationLevel + Q109244 + HouseholdStatus + Q115611 + Q113181 + Q98197 + Q101163 + Q117186"
"glm",0.6,0.5,0.685671456259157,0.651523560294262,0.634402157626611,0.605570530098832,"Q118117","Party ~ YOB + Income + EducationLevel + Q109244 + HouseholdStatus + Q115611 + Q113181 + Q98197 + Q101163 + Q118117"
"glm",0.8,0.5,0.676577325581749,0.661469034578863,0.630561797752809,0.617250673854447,"Q118117","Party ~ YOB + Income + EducationLevel + Q109244 + HouseholdStatus + Q115611 + Q113181 + Q98197 + Q101163 + Q118117"
"glm",0.999,0.5,0.673671796407856,1,0.627496850818787,1,"Q118117","Party ~ YOB + Income + EducationLevel + Q109244 + HouseholdStatus + Q115611 + Q113181 + Q98197 + Q101163 + Q118117"
"glm",0.6,0.5,0.685005400549138,0.652819862591956,0.632604135451004,0.606019766397125,"Q111580","Party ~ YOB + Income + EducationLevel + Q109244 + HouseholdStatus + Q115611 + Q113181 + Q98197 + Q101163 + Q111580"
"glm",0.8,0.5,0.676590908491932,0.661446349288655,0.626516853932584,0.616352201257862,"Q111580","Party ~ YOB + Income + EducationLevel + Q109244 + HouseholdStatus + Q115611 + Q113181 + Q98197 + Q101163 + Q111580"
"glm",0.999,0.5,0.673702932629018,1,0.625337412272809,1,"Q111580","Party ~ YOB + Income + EducationLevel + Q109244 + HouseholdStatus + Q115611 + Q113181 + Q98197 + Q101163 + Q111580"
"glm",0.6,0.5,0.685038568140653,0.652091097643971,0.632903805813605,0.608265947888589,"Q100680","Party ~ YOB + Income + EducationLevel + Q109244 + HouseholdStatus + Q115611 + Q113181 + Q98197 + Q101163 + Q100680"
"glm",0.8,0.5,0.676327359488342,0.66190977736008,0.628314606741573,0.615453728661276,"Q100680","Party ~ YOB + Income + EducationLevel + Q109244 + HouseholdStatus + Q115611 + Q113181 + Q98197 + Q101163 + Q100680"
"glm",0.999,0.5,0.673731533750754,1,0.625337412272809,1,"Q100680","Party ~ YOB + Income + EducationLevel + Q109244 + HouseholdStatus + Q115611 + Q113181 + Q98197 + Q101163 + Q100680"
"glm",0.6,0.5,0.685804667401162,0.652486874939236,0.635301168714414,0.608715184186882,"Q100689","Party ~ YOB + Income + EducationLevel + Q109244 + HouseholdStatus + Q115611 + Q113181 + Q98197 + Q101163 + Q100689"
"glm",0.8,0.5,0.677055058833261,0.661750980328613,0.626966292134831,0.610961365678347,"Q100689","Party ~ YOB + Income + EducationLevel + Q109244 + HouseholdStatus + Q115611 + Q113181 + Q98197 + Q101163 + Q100689"
"glm",0.999,0.5,0.674156325411085,1,0.631095915062084,1,"Q100689","Party ~ YOB + Income + EducationLevel + Q109244 + HouseholdStatus + Q115611 + Q113181 + Q98197 + Q101163 + Q100689"
"glm",0.6,0.5,0.685270921539899,0.651653595618497,0.63679952052742,0.612758310871518,"Q106389","Party ~ YOB + Income + EducationLevel + Q109244 + HouseholdStatus + Q115611 + Q113181 + Q98197 + Q101163 + Q106389"
"glm",0.8,0.5,0.67675491706417,0.660156528502447,0.631910112359551,0.609164420485175,"Q106389","Party ~ YOB + Income + EducationLevel + Q109244 + HouseholdStatus + Q115611 + Q113181 + Q98197 + Q101163 + Q106389"
"glm",0.999,0.5,0.67359015320581,1,0.627136944394457,1,"Q106389","Party ~ YOB + Income + EducationLevel + Q109244 + HouseholdStatus + Q115611 + Q113181 + Q98197 + Q101163 + Q106389"
"glm",0.6,0.5,0.685118602981045,0.653742262695663,0.632604135451004,0.612309074573225,"Q116197","Party ~ YOB + Income + EducationLevel + Q109244 + HouseholdStatus + Q115611 + Q113181 + Q98197 + Q101163 + Q116197"
"glm",0.8,0.5,0.677105741333952,0.66219982499919,0.631685393258427,0.615453728661276,"Q116197","Party ~ YOB + Income + EducationLevel + Q109244 + HouseholdStatus + Q115611 + Q113181 + Q98197 + Q101163 + Q116197"
"glm",0.999,0.5,0.674012539771813,1,0.629656289364765,1,"Q116197","Party ~ YOB + Income + EducationLevel + Q109244 + HouseholdStatus + Q115611 + Q113181 + Q98197 + Q101163 + Q116197"
"glm",0.6,0.5,0.686239811781129,0.650440337686748,0.635600839077015,0.605570530098832,"Q124742","Party ~ YOB + Income + EducationLevel + Q109244 + HouseholdStatus + Q115611 + Q113181 + Q98197 + Q101163 + Q124742"
"glm",0.8,0.5,0.676831751735217,0.661339404349094,0.629438202247191,0.612758310871518,"Q124742","Party ~ YOB + Income + EducationLevel + Q109244 + HouseholdStatus + Q115611 + Q113181 + Q98197 + Q101163 + Q124742"
"glm",0.999,0.5,0.673761304918382,1,0.626057225121468,1,"Q124742","Party ~ YOB + Income + EducationLevel + Q109244 + HouseholdStatus + Q115611 + Q113181 + Q98197 + Q101163 + Q124742"
"glm",0.6,0.5,0.687506669570031,0.653655572479503,0.643092598142044,0.606019766397125,"Q116881","Party ~ YOB + Income + EducationLevel + Q109244 + HouseholdStatus + Q115611 + Q113181 + Q98197 + Q101163 + Q116881"
"glm",0.8,0.5,0.678502145592984,0.663304922707976,0.63438202247191,0.604672057502246,"Q116881","Party ~ YOB + Income + EducationLevel + Q109244 + HouseholdStatus + Q115611 + Q113181 + Q98197 + Q101163 + Q116881"
"glm",0.999,0.5,0.675467491835032,1,0.629116429728271,1,"Q116881","Party ~ YOB + Income + EducationLevel + Q109244 + HouseholdStatus + Q115611 + Q113181 + Q98197 + Q101163 + Q116881"
"glm",0.6,0.5,0.68514383919198,0.652711702368992,0.6317051243632,0.610512129380054,"Q108950","Party ~ YOB + Income + EducationLevel + Q109244 + HouseholdStatus + Q115611 + Q113181 + Q98197 + Q101163 + Q108950"
"glm",0.8,0.5,0.676460249005151,0.661671581812878,0.629213483146067,0.609164420485175,"Q108950","Party ~ YOB + Income + EducationLevel + Q109244 + HouseholdStatus + Q115611 + Q113181 + Q98197 + Q101163 + Q108950"
"glm",0.999,0.5,0.673672316428252,1,0.627496850818787,1,"Q108950","Party ~ YOB + Income + EducationLevel + Q109244 + HouseholdStatus + Q115611 + Q113181 + Q98197 + Q101163 + Q108950"
"glm",0.6,0.5,0.685341582930514,0.653234274232749,0.630506442912796,0.610512129380054,"Q118233","Party ~ YOB + Income + EducationLevel + Q109244 + HouseholdStatus + Q115611 + Q113181 + Q98197 + Q101163 + Q118233"
"glm",0.8,0.5,0.677000220367511,0.662682697605082,0.627640449438202,0.607367475292004,"Q118233","Party ~ YOB + Income + EducationLevel + Q109244 + HouseholdStatus + Q115611 + Q113181 + Q98197 + Q101163 + Q118233"
"glm",0.999,0.5,0.674086317665383,1,0.625157459060644,1,"Q118233","Party ~ YOB + Income + EducationLevel + Q109244 + HouseholdStatus + Q115611 + Q113181 + Q98197 + Q101163 + Q118233"
"glm",0.6,0.5,0.684911485792734,0.652792316168131,0.632304465088403,0.608715184186882,"Q101162","Party ~ YOB + Income + EducationLevel + Q109244 + HouseholdStatus + Q115611 + Q113181 + Q98197 + Q101163 + Q101162"
"glm",0.8,0.5,0.676176325636282,0.662250056713225,0.628314606741573,0.613656783468104,"Q101162","Party ~ YOB + Income + EducationLevel + Q109244 + HouseholdStatus + Q115611 + Q113181 + Q98197 + Q101163 + Q101162"
"glm",0.999,0.5,0.673550956668521,1,0.626417131545798,1,"Q101162","Party ~ YOB + Income + EducationLevel + Q109244 + HouseholdStatus + Q115611 + Q113181 + Q98197 + Q101163 + Q101162"
"glm",0.6,0.5,0.685014954257565,0.65247998833328,0.633203476176206,0.608265947888589,"Q109367","Party ~ YOB + Income + EducationLevel + Q109244 + HouseholdStatus + Q115611 + Q113181 + Q98197 + Q101163 + Q109367"
"glm",0.8,0.5,0.676409870599465,0.661653757656285,0.628988764044944,0.616352201257862,"Q109367","Party ~ YOB + Income + EducationLevel + Q109244 + HouseholdStatus + Q115611 + Q113181 + Q98197 + Q101163 + Q109367"
"glm",0.999,0.5,0.673654830742465,1,0.626597084757963,1,"Q109367","Party ~ YOB + Income + EducationLevel + Q109244 + HouseholdStatus + Q115611 + Q113181 + Q98197 + Q101163 + Q109367"
"glm",0.6,0.5,0.68509408780471,0.652301746767348,0.6317051243632,0.607367475292004,"Q114517","Party ~ YOB + Income + EducationLevel + Q109244 + HouseholdStatus + Q115611 + Q113181 + Q98197 + Q101163 + Q114517"
"glm",0.8,0.5,0.676436428229827,0.661627831610331,0.627865168539326,0.613656783468104,"Q114517","Party ~ YOB + Income + EducationLevel + Q109244 + HouseholdStatus + Q115611 + Q113181 + Q98197 + Q101163 + Q114517"
"glm",0.999,0.5,0.673596393450555,1,0.625517365484974,1,"Q114517","Party ~ YOB + Income + EducationLevel + Q109244 + HouseholdStatus + Q115611 + Q113181 + Q98197 + Q101163 + Q114517"
"glm",0.6,0.5,0.685597189695551,0.651718410733382,0.6317051243632,0.60377358490566,"Q108342","Party ~ YOB + Income + EducationLevel + Q109244 + HouseholdStatus + Q115611 + Q113181 + Q98197 + Q101163 + Q108342"
"glm",0.8,0.5,0.676537793231211,0.662128528372815,0.629213483146067,0.610062893081761,"Q108342","Party ~ YOB + Income + EducationLevel + Q109244 + HouseholdStatus + Q115611 + Q113181 + Q98197 + Q101163 + Q108342"
"glm",0.999,0.5,0.6737755404767,1,0.625697318697139,1,"Q108342","Party ~ YOB + Income + EducationLevel + Q109244 + HouseholdStatus + Q115611 + Q113181 + Q98197 + Q101163 + Q108342"
"glm",0.6,0.5,0.685781594294022,0.653199841202968,0.632604135451004,0.611859838274933,"Q98869","Party ~ YOB + Income + EducationLevel + Q109244 + HouseholdStatus + Q115611 + Q113181 + Q98197 + Q101163 + Q98869"
"glm",0.8,0.5,0.677109998664009,0.662416955634054,0.633033707865169,0.611859838274933,"Q98869","Party ~ YOB + Income + EducationLevel + Q109244 + HouseholdStatus + Q115611 + Q113181 + Q98197 + Q101163 + Q98869"
"glm",0.999,0.5,0.674310576460812,1,0.629116429728271,1,"Q98869","Party ~ YOB + Income + EducationLevel + Q109244 + HouseholdStatus + Q115611 + Q113181 + Q98197 + Q101163 + Q98869"
"glm",0.6,0.5,0.685919131643612,0.651129403376869,0.634402157626611,0.606918238993711,"Q108856","Party ~ YOB + Income + EducationLevel + Q109244 + HouseholdStatus + Q115611 + Q113181 + Q98197 + Q101163 + Q108856"
"glm",0.8,0.5,0.676789989354647,0.659979907314386,0.63123595505618,0.612758310871518,"Q108856","Party ~ YOB + Income + EducationLevel + Q109244 + HouseholdStatus + Q115611 + Q113181 + Q98197 + Q101163 + Q108856"
"glm",0.999,0.5,0.673775735484347,1,0.627496850818787,1,"Q108856","Party ~ YOB + Income + EducationLevel + Q109244 + HouseholdStatus + Q115611 + Q113181 + Q98197 + Q101163 + Q108856"
"glm",0.6,0.5,0.685312561287941,0.65299810415789,0.630806113275397,0.609164420485175,"Q101596","Party ~ YOB + Income + EducationLevel + Q109244 + HouseholdStatus + Q115611 + Q113181 + Q98197 + Q101163 + Q101596"
"glm",0.8,0.5,0.676779650124508,0.662133389506434,0.629662921348315,0.609164420485175,"Q101596","Party ~ YOB + Income + EducationLevel + Q109244 + HouseholdStatus + Q115611 + Q113181 + Q98197 + Q101163 + Q101596"
"glm",0.999,0.5,0.67380147649391,1,0.627676804030952,1,"Q101596","Party ~ YOB + Income + EducationLevel + Q109244 + HouseholdStatus + Q115611 + Q113181 + Q98197 + Q101163 + Q101596"
"glm",0.6,0.5,0.685937698284515,0.654500599539813,0.634701827989212,0.608265947888589,"Q99480","Party ~ YOB + Income + EducationLevel + Q109244 + HouseholdStatus + Q115611 + Q113181 + Q98197 + Q101163 + Q99480"
"glm",0.8,0.5,0.677655241006444,0.664725994101825,0.632808988764045,0.610961365678347,"Q99480","Party ~ YOB + Income + EducationLevel + Q109244 + HouseholdStatus + Q115611 + Q113181 + Q98197 + Q101163 + Q99480"
"glm",0.999,0.5,0.675291789944006,1,0.628936476516106,1,"Q99480","Party ~ YOB + Income + EducationLevel + Q109244 + HouseholdStatus + Q115611 + Q113181 + Q98197 + Q101163 + Q99480"
"glm",0.6,0.5,0.684895983548875,0.652817837119617,0.632604135451004,0.608265947888589,"Q116441","Party ~ YOB + Income + EducationLevel + Q109244 + HouseholdStatus + Q115611 + Q113181 + Q98197 + Q101163 + Q116441"
"glm",0.8,0.5,0.676477075595384,0.662431539034903,0.626741573033708,0.611859838274933,"Q116441","Party ~ YOB + Income + EducationLevel + Q109244 + HouseholdStatus + Q115611 + Q113181 + Q98197 + Q101163 + Q116441"
"glm",0.999,0.5,0.673978803448672,1,0.625877271909304,1,"Q116441","Party ~ YOB + Income + EducationLevel + Q109244 + HouseholdStatus + Q115611 + Q113181 + Q98197 + Q101163 + Q116441"
"glm",0.6,0.5,0.684998911237756,0.652585312894967,0.633203476176206,0.610512129380054,"Q102289","Party ~ YOB + Income + EducationLevel + Q109244 + HouseholdStatus + Q115611 + Q113181 + Q98197 + Q101163 + Q102289"
"glm",0.8,0.5,0.676521270735986,0.661191949962731,0.630561797752809,0.609164420485175,"Q102289","Party ~ YOB + Income + EducationLevel + Q109244 + HouseholdStatus + Q115611 + Q113181 + Q98197 + Q101163 + Q102289"
"glm",0.999,0.5,0.673634289936854,1,0.626777037970128,1,"Q102289","Party ~ YOB + Income + EducationLevel + Q109244 + HouseholdStatus + Q115611 + Q113181 + Q98197 + Q101163 + Q102289"
"glm",0.6,0.5,0.685341042154569,0.652793531451536,0.631405454000599,0.610512129380054,"Q111220","Party ~ YOB + Income + EducationLevel + Q109244 + HouseholdStatus + Q115611 + Q113181 + Q98197 + Q101163 + Q111220"
"glm",0.8,0.5,0.67642842039472,0.662173898953236,0.629438202247191,0.610961365678347,"Q111220","Party ~ YOB + Income + EducationLevel + Q109244 + HouseholdStatus + Q115611 + Q113181 + Q98197 + Q101163 + Q111220"
"glm",0.999,0.5,0.673741024122969,1,0.628756523303941,1,"Q111220","Party ~ YOB + Income + EducationLevel + Q109244 + HouseholdStatus + Q115611 + Q113181 + Q98197 + Q101163 + Q111220"
"glm",0.6,0.5,0.684960155628108,0.652288378649902,0.630506442912796,0.607367475292004,"Q108754","Party ~ YOB + Income + EducationLevel + Q109244 + HouseholdStatus + Q115611 + Q113181 + Q98197 + Q101163 + Q108754"
"glm",0.8,0.5,0.676446260634962,0.66161972972097,0.628314606741573,0.613656783468104,"Q108754","Party ~ YOB + Income + EducationLevel + Q109244 + HouseholdStatus + Q115611 + Q113181 + Q98197 + Q101163 + Q108754"
"glm",0.999,0.5,0.673639685148454,1,0.626777037970128,1,"Q108754","Party ~ YOB + Income + EducationLevel + Q109244 + HouseholdStatus + Q115611 + Q113181 + Q98197 + Q101163 + Q108754"
"glm",0.6,0.5,0.685133744707606,0.652245843730758,0.632304465088403,0.608265947888589,"Q108343","Party ~ YOB + Income + EducationLevel + Q109244 + HouseholdStatus + Q115611 + Q113181 + Q98197 + Q101163 + Q108343"
"glm",0.8,0.5,0.676570432761657,0.661099588424021,0.630786516853933,0.612758310871518,"Q108343","Party ~ YOB + Income + EducationLevel + Q109244 + HouseholdStatus + Q115611 + Q113181 + Q98197 + Q101163 + Q108343"
"glm",0.999,0.5,0.67361634923322,1,0.625337412272809,1,"Q108343","Party ~ YOB + Income + EducationLevel + Q109244 + HouseholdStatus + Q115611 + Q113181 + Q98197 + Q101163 + Q108343"
"glm",0.6,0.5,0.685286964559709,0.653095731924685,0.628708420737189,0.609164420485175,"Q113992","Party ~ YOB + Income + EducationLevel + Q109244 + HouseholdStatus + Q115611 + Q113181 + Q98197 + Q101163 + Q113992"
"glm",0.8,0.5,0.676663485832924,0.662823670479956,0.628089887640449,0.61455525606469,"Q113992","Party ~ YOB + Income + EducationLevel + Q109244 + HouseholdStatus + Q115611 + Q113181 + Q98197 + Q101163 + Q113992"
"glm",0.999,0.5,0.673984913688318,1,0.624437646211985,1,"Q113992","Party ~ YOB + Income + EducationLevel + Q109244 + HouseholdStatus + Q115611 + Q113181 + Q98197 + Q101163 + Q113992"
"glm",0.6,0.5,0.684920678983857,0.653589947175682,0.629907102187594,0.609164420485175,"Q121699","Party ~ YOB + Income + EducationLevel + Q109244 + HouseholdStatus + Q115611 + Q113181 + Q98197 + Q101163 + Q121699"
"glm",0.8,0.5,0.676563337211557,0.663243348348836,0.628314606741573,0.615453728661276,"Q121699","Party ~ YOB + Income + EducationLevel + Q109244 + HouseholdStatus + Q115611 + Q113181 + Q98197 + Q101163 + Q121699"
"glm",0.999,0.5,0.674212682621413,1,0.626417131545798,1,"Q121699","Party ~ YOB + Income + EducationLevel + Q109244 + HouseholdStatus + Q115611 + Q113181 + Q98197 + Q101163 + Q121699"
"glm",0.6,0.5,0.685185298681371,0.653256554428493,0.633802816901408,0.611859838274933,"Q122120","Party ~ YOB + Income + EducationLevel + Q109244 + HouseholdStatus + Q115611 + Q113181 + Q98197 + Q101163 + Q122120"
"glm",0.8,0.5,0.676671899128038,0.662258158602586,0.627640449438202,0.612758310871518,"Q122120","Party ~ YOB + Income + EducationLevel + Q109244 + HouseholdStatus + Q115611 + Q113181 + Q98197 + Q101163 + Q122120"
"glm",0.999,0.5,0.674124019144033,1,0.626956991182293,1,"Q122120","Party ~ YOB + Income + EducationLevel + Q109244 + HouseholdStatus + Q115611 + Q113181 + Q98197 + Q101163 + Q122120"
"glm",0.6,0.5,0.68596581863384,0.652776517483877,0.635001498351813,0.609613656783468,"Q113583","Party ~ YOB + Income + EducationLevel + Q109244 + HouseholdStatus + Q115611 + Q113181 + Q98197 + Q101163 + Q113583"
"glm",0.8,0.5,0.677206396780322,0.661355608127816,0.628988764044944,0.616352201257862,"Q113583","Party ~ YOB + Income + EducationLevel + Q109244 + HouseholdStatus + Q115611 + Q113181 + Q98197 + Q101163 + Q113583"
"glm",0.999,0.5,0.674101203249193,1,0.626237178333633,1,"Q113583","Party ~ YOB + Income + EducationLevel + Q109244 + HouseholdStatus + Q115611 + Q113181 + Q98197 + Q101163 + Q113583"
"glm",0.6,0.5,0.685377454401772,0.652649722915385,0.632604135451004,0.607367475292004,"Q106272","Party ~ YOB + Income + EducationLevel + Q109244 + HouseholdStatus + Q115611 + Q113181 + Q98197 + Q101163 + Q106272"
"glm",0.8,0.5,0.676846956485423,0.66117574618401,0.631011235955056,0.610062893081761,"Q106272","Party ~ YOB + Income + EducationLevel + Q109244 + HouseholdStatus + Q115611 + Q113181 + Q98197 + Q101163 + Q106272"
"glm",0.999,0.5,0.673924916335219,1,0.627676804030952,1,"Q106272","Party ~ YOB + Income + EducationLevel + Q109244 + HouseholdStatus + Q115611 + Q113181 + Q98197 + Q101163 + Q106272"
"glm",0.6,0.5,0.68519323006195,0.65301228246427,0.629307761462391,0.607367475292004,"Q102089","Party ~ YOB + Income + EducationLevel + Q109244 + HouseholdStatus + Q115611 + Q113181 + Q98197 + Q101163 + Q102089"
"glm",0.8,0.5,0.67660155181708,0.662241954823866,0.626966292134831,0.617250673854447,"Q102089","Party ~ YOB + Income + EducationLevel + Q109244 + HouseholdStatus + Q115611 + Q113181 + Q98197 + Q101163 + Q102089"
"glm",0.999,0.5,0.67387206926256,1,0.626597084757963,1,"Q102089","Party ~ YOB + Income + EducationLevel + Q109244 + HouseholdStatus + Q115611 + Q113181 + Q98197 + Q101163 + Q102089"
"glm",0.6,0.5,0.685905792503547,0.652775302200474,0.631105783637998,0.610512129380054,"Q123621","Party ~ YOB + Income + EducationLevel + Q109244 + HouseholdStatus + Q115611 + Q113181 + Q98197 + Q101163 + Q123621"
"glm",0.8,0.5,0.676942746411731,0.662489872638298,0.629213483146067,0.612758310871518,"Q123621","Party ~ YOB + Income + EducationLevel + Q109244 + HouseholdStatus + Q115611 + Q113181 + Q98197 + Q101163 + Q123621"
"glm",0.999,0.5,0.674224318077757,1,0.624977505848479,1,"Q123621","Party ~ YOB + Income + EducationLevel + Q109244 + HouseholdStatus + Q115611 + Q113181 + Q98197 + Q101163 + Q123621"
"glm",0.6,0.5,0.685366278365498,0.653350941439546,0.632903805813605,0.61141060197664,"Q114152","Party ~ YOB + Income + EducationLevel + Q109244 + HouseholdStatus + Q115611 + Q113181 + Q98197 + Q101163 + Q114152"
"glm",0.8,0.5,0.676629528557458,0.663006773179505,0.629213483146067,0.609164420485175,"Q114152","Party ~ YOB + Income + EducationLevel + Q109244 + HouseholdStatus + Q115611 + Q113181 + Q98197 + Q101163 + Q114152"
"glm",0.999,0.5,0.674071302076471,1,0.627856757243117,1,"Q114152","Party ~ YOB + Income + EducationLevel + Q109244 + HouseholdStatus + Q115611 + Q113181 + Q98197 + Q101163 + Q114152"
"glm",0.6,0.5,0.685076963233005,0.652745325209841,0.632604135451004,0.608715184186882,"Q102674","Party ~ YOB + Income + EducationLevel + Q109244 + HouseholdStatus + Q115611 + Q113181 + Q98197 + Q101163 + Q102674"
"glm",0.8,0.5,0.67688111649089,0.660310464400299,0.630337078651685,0.608265947888589,"Q102674","Party ~ YOB + Income + EducationLevel + Q109244 + HouseholdStatus + Q115611 + Q113181 + Q98197 + Q101163 + Q102674"
"glm",0.999,0.5,0.673769820252353,1,0.624077739787655,1,"Q102674","Party ~ YOB + Income + EducationLevel + Q109244 + HouseholdStatus + Q115611 + Q113181 + Q98197 + Q101163 + Q102674"
"glm",0.6,0.5,0.685139512984391,0.652339015458407,0.632604135451004,0.607816711590296,"Q119650","Party ~ YOB + Income + EducationLevel + Q109244 + HouseholdStatus + Q115611 + Q113181 + Q98197 + Q101163 + Q119650"
"glm",0.8,0.5,0.676782893804553,0.660692873578119,0.62876404494382,0.610961365678347,"Q119650","Party ~ YOB + Income + EducationLevel + Q109244 + HouseholdStatus + Q115611 + Q113181 + Q98197 + Q101163 + Q119650"
"glm",0.999,0.5,0.673699617498999,1,0.626777037970128,1,"Q119650","Party ~ YOB + Income + EducationLevel + Q109244 + HouseholdStatus + Q115611 + Q113181 + Q98197 + Q101163 + Q119650"
"glm",0.6,0.5,0.684899408463216,0.652567083643906,0.633503146538807,0.605570530098832,"Q106388","Party ~ YOB + Income + EducationLevel + Q109244 + HouseholdStatus + Q115611 + Q113181 + Q98197 + Q101163 + Q106388"
"glm",0.8,0.5,0.67633749598848,0.661699128236704,0.628539325842697,0.612758310871518,"Q106388","Party ~ YOB + Income + EducationLevel + Q109244 + HouseholdStatus + Q115611 + Q113181 + Q98197 + Q101163 + Q106388"
"glm",0.999,0.5,0.67355544184443,1,0.626956991182293,1,"Q106388","Party ~ YOB + Income + EducationLevel + Q109244 + HouseholdStatus + Q115611 + Q113181 + Q98197 + Q101163 + Q106388"
"glm",0.6,0.5,0.688046544225379,0.649208850503938,0.630806113275397,0.616801437556155,"Q100010","Party ~ YOB + Income + EducationLevel + Q109244 + HouseholdStatus + Q115611 + Q113181 + Q98197 + Q101163 + Q100010"
"glm",0.8,0.5,0.678295158260164,0.659077356839615,0.631910112359551,0.609164420485175,"Q100010","Party ~ YOB + Income + EducationLevel + Q109244 + HouseholdStatus + Q115611 + Q113181 + Q98197 + Q101163 + Q100010"
"glm",0.999,0.5,0.674611213251787,1,0.628756523303941,1,"Q100010","Party ~ YOB + Income + EducationLevel + Q109244 + HouseholdStatus + Q115611 + Q113181 + Q98197 + Q101163 + Q100010"
"glm",0.6,0.5,0.685292011801894,0.653449379395276,0.632304465088403,0.605121293800539,"Q115602","Party ~ YOB + Income + EducationLevel + Q109244 + HouseholdStatus + Q115611 + Q113181 + Q98197 + Q101163 + Q115602"
"glm",0.8,0.5,0.676455586215091,0.663358395177756,0.626292134831461,0.619047619047619,"Q115602","Party ~ YOB + Income + EducationLevel + Q109244 + HouseholdStatus + Q115611 + Q113181 + Q98197 + Q101163 + Q115602"
"glm",0.999,0.5,0.674060836666016,1,0.625517365484974,1,"Q115602","Party ~ YOB + Income + EducationLevel + Q109244 + HouseholdStatus + Q115611 + Q113181 + Q98197 + Q101163 + Q115602"
"glm",0.6,0.5,0.68528245809347,0.652940985837899,0.632903805813605,0.609613656783468,"Q122771","Party ~ YOB + Income + EducationLevel + Q109244 + HouseholdStatus + Q115611 + Q113181 + Q98197 + Q101163 + Q122771"
"glm",0.8,0.5,0.676615033362265,0.662426677901285,0.627415730337079,0.612758310871518,"Q122771","Party ~ YOB + Income + EducationLevel + Q109244 + HouseholdStatus + Q115611 + Q113181 + Q98197 + Q101163 + Q122771"
"glm",0.999,0.5,0.673886044810678,1,0.625517365484974,1,"Q122771","Party ~ YOB + Income + EducationLevel + Q109244 + HouseholdStatus + Q115611 + Q113181 + Q98197 + Q101163 + Q122771"
"glm",0.6,0.5,0.686492173890473,0.652622176491558,0.638297872340426,0.612309074573225,"Q106993","Party ~ YOB + Income + EducationLevel + Q109244 + HouseholdStatus + Q115611 + Q113181 + Q98197 + Q101163 + Q106993"
"glm",0.8,0.5,0.677386826482782,0.663006773179505,0.629438202247191,0.615453728661276,"Q106993","Party ~ YOB + Income + EducationLevel + Q109244 + HouseholdStatus + Q115611 + Q113181 + Q98197 + Q101163 + Q106993"
"glm",0.999,0.5,0.674596717683271,1,0.627316897606622,1,"Q106993","Party ~ YOB + Income + EducationLevel + Q109244 + HouseholdStatus + Q115611 + Q113181 + Q98197 + Q101163 + Q106993"
"glm",0.6,0.5,0.685010267532677,0.652908578280455,0.632004794725802,0.607367475292004,"Q100562","Party ~ YOB + Income + EducationLevel + Q109244 + HouseholdStatus + Q115611 + Q113181 + Q98197 + Q101163 + Q100562"
"glm",0.8,0.5,0.676595165821992,0.660856531743203,0.627865168539326,0.61455525606469,"Q100562","Party ~ YOB + Income + EducationLevel + Q109244 + HouseholdStatus + Q115611 + Q113181 + Q98197 + Q101163 + Q100562"
"glm",0.999,0.5,0.67371918326637,1,0.625877271909304,1,"Q100562","Party ~ YOB + Income + EducationLevel + Q109244 + HouseholdStatus + Q115611 + Q113181 + Q98197 + Q101163 + Q100562"
"glm",0.6,0.5,0.684860112077619,0.652964076222576,0.630206772550195,0.607367475292004,"Q115610","Party ~ YOB + Income + EducationLevel + Q109244 + HouseholdStatus + Q115611 + Q113181 + Q98197 + Q101163 + Q115610"
"glm",0.8,0.5,0.676462580400184,0.660939171014681,0.626966292134831,0.610961365678347,"Q115610","Party ~ YOB + Income + EducationLevel + Q109244 + HouseholdStatus + Q115611 + Q113181 + Q98197 + Q101163 + Q115610"
"glm",0.999,0.5,0.673540166245322,1,0.624797552636315,1,"Q115610","Party ~ YOB + Income + EducationLevel + Q109244 + HouseholdStatus + Q115611 + Q113181 + Q98197 + Q101163 + Q115610"
"glm",0.6,0.5,0.684996027099364,0.651325469099393,0.6317051243632,0.604222821203953,"Q112512","Party ~ YOB + Income + EducationLevel + Q109244 + HouseholdStatus + Q115611 + Q113181 + Q98197 + Q101163 + Q112512"
"glm",0.8,0.5,0.676408147394442,0.659881064264186,0.628539325842697,0.611859838274933,"Q112512","Party ~ YOB + Income + EducationLevel + Q109244 + HouseholdStatus + Q115611 + Q113181 + Q98197 + Q101163 + Q112512"
"glm",0.999,0.5,0.67355225671951,1,0.626237178333633,1,"Q112512","Party ~ YOB + Income + EducationLevel + Q109244 + HouseholdStatus + Q115611 + Q113181 + Q98197 + Q101163 + Q112512"
"glm",0.6,0.5,0.685014593740267,0.652580856855819,0.632604135451004,0.605570530098832,"Q116601","Party ~ YOB + Income + EducationLevel + Q109244 + HouseholdStatus + Q115611 + Q113181 + Q98197 + Q101163 + Q116601"
"glm",0.8,0.5,0.676387063474154,0.660679910555142,0.630337078651685,0.608265947888589,"Q116601","Party ~ YOB + Income + EducationLevel + Q109244 + HouseholdStatus + Q115611 + Q113181 + Q98197 + Q101163 + Q116601"
"glm",0.999,0.5,0.673613424118497,1,0.627136944394457,1,"Q116601","Party ~ YOB + Income + EducationLevel + Q109244 + HouseholdStatus + Q115611 + Q113181 + Q98197 + Q101163 + Q116601"
"glm",0.6,0.5,0.684871288113887,0.652946252065983,0.630506442912796,0.606469002695418,"Q107491","Party ~ YOB + Income + EducationLevel + Q109244 + HouseholdStatus + Q115611 + Q113181 + Q98197 + Q101163 + Q107491"
"glm",0.8,0.5,0.676544179226295,0.66198593512007,0.626516853932584,0.616352201257862,"Q107491","Party ~ YOB + Income + EducationLevel + Q109244 + HouseholdStatus + Q115611 + Q113181 + Q98197 + Q101163 + Q107491"
"glm",0.999,0.5,0.673692532221116,1,0.625517365484974,1,"Q107491","Party ~ YOB + Income + EducationLevel + Q109244 + HouseholdStatus + Q115611 + Q113181 + Q98197 + Q101163 + Q107491"
"glm",0.6,0.5,0.685725714112666,0.652480798522217,0.635001498351813,0.606019766397125,"Q108617","Party ~ YOB + Income + EducationLevel + Q109244 + HouseholdStatus + Q115611 + Q113181 + Q98197 + Q101163 + Q108617"
"glm",0.8,0.5,0.6767352522539,0.662241954823866,0.627415730337079,0.617250673854447,"Q108617","Party ~ YOB + Income + EducationLevel + Q109244 + HouseholdStatus + Q115611 + Q113181 + Q98197 + Q101163 + Q108617"
"glm",0.999,0.5,0.673927451434648,1,0.627676804030952,1,"Q108617","Party ~ YOB + Income + EducationLevel + Q109244 + HouseholdStatus + Q115611 + Q113181 + Q98197 + Q101163 + Q108617"
"glm",0.6,0.5,0.68503189857062,0.65308884531873,0.633203476176206,0.609613656783468,"Q121700","Party ~ YOB + Income + EducationLevel + Q109244 + HouseholdStatus + Q115611 + Q113181 + Q98197 + Q101163 + Q121700"
"glm",0.8,0.5,0.676583204751829,0.66211556534984,0.630786516853933,0.616352201257862,"Q121700","Party ~ YOB + Income + EducationLevel + Q109244 + HouseholdStatus + Q115611 + Q113181 + Q98197 + Q101163 + Q121700"
"glm",0.999,0.5,0.673762604969368,1,0.628756523303941,1,"Q121700","Party ~ YOB + Income + EducationLevel + Q109244 + HouseholdStatus + Q115611 + Q113181 + Q98197 + Q101163 + Q121700"
"glm",0.6,0.5,0.685262629642022,0.652856321094081,0.632903805813605,0.610961365678347,"Q99581","Party ~ YOB + Income + EducationLevel + Q109244 + HouseholdStatus + Q115611 + Q113181 + Q98197 + Q101163 + Q99581"
"glm",0.8,0.5,0.676671088208027,0.661718572771171,0.630786516853933,0.610062893081761,"Q99581","Party ~ YOB + Income + EducationLevel + Q109244 + HouseholdStatus + Q115611 + Q113181 + Q98197 + Q101163 + Q99581"
"glm",0.999,0.5,0.673806091674918,1,0.626057225121468,1,"Q99581","Party ~ YOB + Income + EducationLevel + Q109244 + HouseholdStatus + Q115611 + Q113181 + Q98197 + Q101163 + Q99581"
"glm",0.6,0.5,0.684894541479678,0.652384386038825,0.632903805813605,0.605121293800539,"Q99716","Party ~ YOB + Income + EducationLevel + Q109244 + HouseholdStatus + Q115611 + Q113181 + Q98197 + Q101163 + Q99716"
"glm",0.8,0.5,0.676445855174956,0.661360469261432,0.627865168539326,0.616352201257862,"Q99716","Party ~ YOB + Income + EducationLevel + Q109244 + HouseholdStatus + Q115611 + Q113181 + Q98197 + Q101163 + Q99716"
"glm",0.999,0.5,0.673669326310979,1,0.629656289364765,1,"Q99716","Party ~ YOB + Income + EducationLevel + Q109244 + HouseholdStatus + Q115611 + Q113181 + Q98197 + Q101163 + Q99716"
"glm",0.6,0.5,0.685273445160995,0.652135658035454,0.633203476176206,0.608715184186882,"Q98059","Party ~ YOB + Income + EducationLevel + Q109244 + HouseholdStatus + Q115611 + Q113181 + Q98197 + Q101163 + Q98059"
"glm",0.8,0.5,0.676681021978164,0.661430145509934,0.625168539325843,0.615453728661276,"Q98059","Party ~ YOB + Income + EducationLevel + Q109244 + HouseholdStatus + Q115611 + Q113181 + Q98197 + Q101163 + Q98059"
"glm",0.999,0.5,0.673693442256808,1,0.624797552636315,1,"Q98059","Party ~ YOB + Income + EducationLevel + Q109244 + HouseholdStatus + Q115611 + Q113181 + Q98197 + Q101163 + Q98059"
"glm",0.6,0.5,0.685057495298855,0.652335774702662,0.634402157626611,0.607367475292004,"Q120650","Party ~ YOB + Income + EducationLevel + Q109244 + HouseholdStatus + Q115611 + Q113181 + Q98197 + Q101163 + Q120650"
"glm",0.8,0.5,0.676407741934435,0.661728295038404,0.627191011235955,0.612758310871518,"Q120650","Party ~ YOB + Income + EducationLevel + Q109244 + HouseholdStatus + Q115611 + Q113181 + Q98197 + Q101163 + Q120650"
"glm",0.999,0.5,0.67366607618351,1,0.625697318697139,1,"Q120650","Party ~ YOB + Income + EducationLevel + Q109244 + HouseholdStatus + Q115611 + Q113181 + Q98197 + Q101163 + Q120650"
"glm",0.6,0.5,0.684895623031574,0.65228473279969,0.632903805813605,0.605121293800539,"Q123464","Party ~ YOB + Income + EducationLevel + Q109244 + HouseholdStatus + Q115611 + Q113181 + Q98197 + Q101163 + Q123464"
"glm",0.8,0.5,0.67639324673924,0.659219950092361,0.627640449438202,0.612758310871518,"Q123464","Party ~ YOB + Income + EducationLevel + Q109244 + HouseholdStatus + Q115611 + Q113181 + Q98197 + Q101163 + Q123464"
"glm",0.999,0.5,0.673715673128704,1,0.626417131545798,1,"Q123464","Party ~ YOB + Income + EducationLevel + Q109244 + HouseholdStatus + Q115611 + Q113181 + Q98197 + Q101163 + Q123464"
